epoch,train_total,train_recon,val_mae,val_rmse,grad_norm_mean,grad_norm_max,per_coeff_mae_mean,per_coeff_mae_max,gaussian_coverage
1,1.1648440686139194,1.1648440686139194,2.434076428413391,4.086983323097229,0.0018585839615254081,0.003076291653619764,2.616123,5.6032834,100.0
2,1.1648645184256814,1.1648645184256814,2.430398464202881,4.083722949028015,,,2.6125052,5.5974407,
3,1.1634293090213428,1.1634293090213428,2.423383593559265,4.077513933181763,,,2.6056187,5.5861793,
4,1.1595838124101812,1.1595838124101812,2.4123215675354004,4.067633748054504,,,2.5947528,5.568127,
5,1.1414834423498674,1.1414834423498674,2.3969779014587402,4.053695321083069,,,2.5796642,5.5425096,
6,1.1425256349823691,1.1425256349823691,2.3775554895401,4.035663962364197,,,2.5605376,5.5089755,
7,1.1276144276965747,1.1276144276965747,2.3542314171791077,4.013352870941162,,,2.537643,5.4672885,
8,1.1219418915835293,1.1219418915835293,2.3276880979537964,3.9871256351470947,,,2.5115511,5.417777,
9,1.0974250110712918,1.0974250110712918,2.298760950565338,3.957220196723938,,,2.4829822,5.360033,
10,1.08573748848655,1.08573748848655,2.268009603023529,3.9238498210906982,,,2.4526463,5.294896,
11,1.0747741352428088,1.0747741352428088,2.2365735173225403,3.8889074325561523,,,2.4213328,5.223233,
12,1.0587332411245867,1.0587332411245867,2.203906536102295,3.8517396450042725,,,2.388498,5.1451235,
13,1.0433100245215676,1.0433100245215676,2.170554459095001,3.8131628036499023,,,2.355444,5.062384,
14,1.0298266356641597,1.0298266356641597,2.1380768418312073,3.7757238149642944,,,2.3226278,4.979595,
15,1.015927336432717,1.015927336432717,2.1055058240890503,3.7377148866653442,,,2.290296,4.8984737,
16,1.003516674041748,1.003516674041748,2.0750338435173035,3.70146644115448,,,2.259559,4.8183208,
17,0.9941704002293673,0.9941704002293673,2.043689250946045,3.6642463207244873,,,2.2281563,4.7345676,
18,0.9815899187868292,0.9815899187868292,2.0109196305274963,3.6257859468460083,,,2.1958978,4.648315,
19,0.9710926250977949,0.9710926250977949,1.978334903717041,3.5880647897720337,,,2.1630325,4.5577974,
20,0.9579253792762756,0.9579253792762756,1.9461140632629395,3.5499576330184937,,,2.1311011,4.4680924,
21,0.9484404271299188,0.9484404271299188,1.9146361947059631,3.5130809545516968,,,2.0994608,4.3737674,
22,0.9391265728256919,0.9391265728256919,1.8825286030769348,3.4757410287857056,,,2.0673828,4.27468,
23,0.9310203953222795,0.9310203953222795,1.8518646359443665,3.44045627117157,,,2.0368803,4.174252,
24,0.9175416935573925,0.9175416935573925,1.821281909942627,3.404112219810486,,,2.0064654,4.0703273,
25,0.9104459881782532,0.9104459881782532,1.7900341749191284,3.366251230239868,,,1.9750204,3.963093,
26,0.8995787013660778,0.8995787013660778,1.7614074349403381,3.334031581878662,,,1.9455879,3.8604214,
27,0.88689955256202,0.88689955256202,1.7345390319824219,3.3030201196670532,,,1.9184387,3.7579644,
28,0.881972768089988,0.881972768089988,1.7055858969688416,3.270764112472534,,,1.8893548,3.654377,
29,0.8752914883873679,0.8752914883873679,1.6777098178863525,3.243006467819214,,,1.8608842,3.5506418,
30,0.8663479577411305,0.8663479577411305,1.6496690511703491,3.2091065049171448,,,1.8336022,3.451255,
31,0.853538919578899,0.853538919578899,1.6249800324440002,3.185084581375122,,,1.808276,3.3551085,
32,0.8424488360231573,0.8424488360231573,1.6005796790122986,3.1573548913002014,,,1.7831568,3.2628644,
33,0.8347812999378551,0.8347812999378551,1.5764341950416565,3.126789629459381,,,1.7585152,3.170429,
34,0.8256971781904047,0.8256971781904047,1.5522032976150513,3.100261390209198,,,1.7340913,3.0835652,
35,0.8164709264581854,0.8164709264581854,1.5314089059829712,3.0783305764198303,,,1.7123433,2.99436,
36,0.8130761764266274,0.8130761764266274,1.5110939145088196,3.056400418281555,,,1.6915346,2.9155312,
37,0.8018646077676252,0.8018646077676252,1.4873090982437134,3.0329949259757996,,,1.6662477,2.8318837,
38,0.7886515530672941,0.7886515530672941,1.469038486480713,3.010379195213318,,,1.6472036,2.7505848,
39,0.7829752510244196,0.7829752510244196,1.45074063539505,2.99097341299057,,,1.6258565,2.6752815,
40,0.7737676447088068,0.7737676447088068,1.4317908883094788,2.9720329642295837,,,1.6058635,2.596924,
41,0.7669457251375372,0.7669457251375372,1.4170591235160828,2.9597320556640625,,,1.5889283,2.5329952,
42,0.7536748810247942,0.7536748810247942,1.4016429781913757,2.94247168302536,,,1.5723222,2.4713833,
43,0.7453087351538918,0.7453087351538918,1.3839697241783142,2.9192985892295837,,,1.554257,2.412214,
44,0.7337630662051114,0.7337630662051114,1.3716015219688416,2.9100732803344727,,,1.5396652,2.361069,
45,0.7308416745879434,0.7308416745879434,1.3559897541999817,2.8899006247520447,,,1.5248967,2.3097336,
46,0.7234562960537997,0.7234562960537997,1.3442691564559937,2.8778424859046936,,,1.5115503,2.254942,
47,0.7093677520751953,0.7093677520751953,1.3302545547485352,2.861686408519745,,,1.4958315,2.2043638,
48,0.703194715759971,0.703194715759971,1.31659135222435,2.8458593487739563,,,1.4808594,2.1572635,
49,0.6936662251299078,0.6936662251299078,1.3047491014003754,2.8303486704826355,,,1.4692569,2.1153836,
50,0.6902960593050177,0.6902960593050177,1.2935784757137299,2.8163320422172546,0.04624034938809245,0.054536475210098245,1.4561877,2.0761082,
51,0.672022667798129,0.672022667798129,1.2798987030982971,2.800240457057953,,,1.4414886,2.034328,
52,0.6659042943607677,0.6659042943607677,1.2686540484428406,2.7863975167274475,,,1.4294281,1.998488,
53,0.6566341140053489,0.6566341140053489,1.2579473853111267,2.7739065885543823,,,1.4179555,1.9635657,
54,0.6531064022671093,0.6531064022671093,1.2488641142845154,2.7632649540901184,,,1.4063697,1.9346609,
55,0.6501428159800443,0.6501428159800443,1.2433755695819855,2.75607168674469,,,1.4001443,1.9059488,
56,0.6430013640360399,0.6430013640360399,1.2366715669631958,2.7439284920692444,,,1.392359,1.8844445,
57,0.6344741041010077,0.6344741041010077,1.227738469839096,2.723668873310089,,,1.3835878,1.8577743,
58,0.6359039274129,0.6359039274129,1.2184642255306244,2.710718274116516,,,1.3729247,1.8324866,
59,0.6253887631676414,0.6253887631676414,1.2141531109809875,2.710313558578491,,,1.3661108,1.8144289,
60,0.6208636706525629,0.6208636706525629,1.2057387232780457,2.6953919529914856,,,1.3556994,1.7931577,
61,0.615571143952283,0.615571143952283,1.1973592042922974,2.675688147544861,,,1.3471633,1.7721468,
62,0.6115224794908003,0.6115224794908003,1.194555789232254,2.6686866879463196,,,1.3425375,1.76125,
63,0.6091497784311121,0.6091497784311121,1.1889381110668182,2.6609097123146057,,,1.3332369,1.7382954,
64,0.6031748625365171,0.6031748625365171,1.178020715713501,2.6351335644721985,,,1.3229172,1.7179396,
65,0.5971632085063241,0.5971632085063241,1.1693357825279236,2.612277030944824,,,1.3123245,1.6890717,
66,0.5980735475366766,0.5980735475366766,1.1609574556350708,2.5949049592018127,,,1.3043245,1.6752089,
67,0.589056976816871,0.589056976816871,1.155628263950348,2.581748843193054,,,1.2979512,1.6572659,
68,0.5885887714949521,0.5885887714949521,1.1495575606822968,2.5681586861610413,,,1.2907842,1.6392635,
69,0.5877373570745642,0.5877373570745642,1.1426689326763153,2.553911805152893,,,1.2824916,1.6217799,
70,0.57814575325359,0.57814575325359,1.1388811469078064,2.545211970806122,,,1.2753019,1.6072544,
71,0.574947408654473,0.574947408654473,1.1277739107608795,2.5239073634147644,,,1.2636645,1.5879561,
72,0.5694602592424913,0.5694602592424913,1.126946896314621,2.5226637721061707,,,1.2604266,1.575374,
73,0.5747023577039893,0.5747023577039893,1.1201684474945068,2.5051570534706116,,,1.2535845,1.5604072,
74,0.5649799840016798,0.5649799840016798,1.1156303584575653,2.498744487762451,,,1.2457848,1.5493655,
75,0.5614059892567721,0.5614059892567721,1.1081063151359558,2.4804956912994385,,,1.238886,1.5307683,
76,0.558493438092145,0.558493438092145,1.1055211126804352,2.4786157608032227,,,1.2327688,1.517992,
77,0.556784759868275,0.556784759868275,1.1031181812286377,2.4684919118881226,,,1.2291499,1.5084715,
78,0.5589968155730854,0.5589968155730854,1.0963724255561829,2.455462634563446,,,1.2203622,1.4982574,
79,0.5528248060833324,0.5528248060833324,1.0889736413955688,2.4377984404563904,,,1.2131997,1.4834657,
80,0.550272527066144,0.550272527066144,1.087365746498108,2.438237726688385,,,1.20729,1.4760028,
81,0.5464760661125183,0.5464760661125183,1.085843175649643,2.4320414662361145,,,1.203872,1.4700809,
82,0.5442563078620217,0.5442563078620217,1.080849140882492,2.4146775007247925,,,1.1993684,1.4540831,
83,0.5421780185265974,0.5421780185265974,1.0776808261871338,2.41131854057312,,,1.1935126,1.448075,
84,0.5400709103454243,0.5400709103454243,1.0682238936424255,2.390313506126404,,,1.1862327,1.4326637,
85,0.5346971343864094,0.5346971343864094,1.0638621151447296,2.3815720677375793,,,1.1803521,1.4237342,
86,0.5362905724482103,0.5362905724482103,1.0603183507919312,2.376520812511444,,,1.1781368,1.4295696,
87,0.5335120423273607,0.5335120423273607,1.057980477809906,2.3709051609039307,,,1.1740828,1.4214109,
88,0.5291954549876127,0.5291954549876127,1.0496627390384674,2.3534862399101257,,,1.1662517,1.4076163,
89,0.5268893404440447,0.5268893404440447,1.0495750308036804,2.352602541446686,,,1.1619635,1.397419,
90,0.5249970176003196,0.5249970176003196,1.0461865961551666,2.3445072174072266,,,1.157946,1.3930817,
91,0.524221271276474,0.524221271276474,1.043091058731079,2.3340033292770386,,,1.1576067,1.3949609,
92,0.5252445665272799,0.5252445665272799,1.0369110405445099,2.3269129395484924,,,1.1461226,1.3697135,
93,0.5185317342931574,0.5185317342931574,1.03619784116745,2.3262444138526917,,,1.1457089,1.3763955,
94,0.5162813284180381,0.5162813284180381,1.0311190485954285,2.3159924149513245,,,1.140022,1.364384,
95,0.5166859382932837,0.5166859382932837,1.0214262902736664,2.294785737991333,,,1.1297746,1.3419886,
96,0.509964560920542,0.509964560920542,1.0227923095226288,2.295940339565277,,,1.1291775,1.3452275,
97,0.5094141580841758,0.5094141580841758,1.0223216116428375,2.293208658695221,,,1.1290021,1.34025,
98,0.5092659348791296,0.5092659348791296,1.025662899017334,2.294703245162964,,,1.1320987,1.3537276,
99,0.5103293386372653,0.5103293386372653,1.0182233452796936,2.2807215452194214,,,1.1216484,1.3310466,
100,0.5112968710335818,0.5112968710335818,1.013805478811264,2.2735520601272583,0.09363022622168243,0.11616282895977371,1.1148825,1.3208354,100.0
